{"x": 1, "puluh": 2, "pemeriksaan": 3, "koma": 4, "-": 5, "pasien": 6, "enam": 7, "dan": 8, "seratus": 9, "lima": 10, "nol": 11, "badan": 12, "dengan": 13, "tiga": 14, "tujuh": 15, "empat": 16, "dua": 17, "delapan": 18, "(-)": 19, "sembilan": 20, "keluhan": 21, "satu": 22, "mmol/l": 23, "berat": 24, "darah": 25, "kg": 26, "seorang": 27, "berusia": 28, "tahun": 29, "tinggi": 30, "cm": 31, "memiliki": 32, "hasil": 33, "menunjukkan": 34, "lvef": 35, "sebesar": 36, "cor": 37, "pulmo": 38, "abdomen": 39, "ext": 40, "tambahan": 41, "tekanan": 42, "adalah": 43, "denyut": 44, "jantung": 45, "kadar": 46, "kalium": 47, "natrium": 48, "kreatinin": 49, "persen": 50, "per": 51, "mmhg": 52, "bpm": 53, "(---/---)": 54, "s1": 55, "s2": 56, "ronkhi": 57, "wheezing": 58, "(+)": 59, "murmur": 60, "ves": 61, "single": 62, "edema": 63, "hangat": 64, "laki-laki": 65, "reguler": 66, "distensi": 67, "(++/++)": 68, "(-/-)": 69, "(--/--)": 70, "normal": 71, "(+++/+++)": 72, "tidak": 73, "bu": 74, "(+/+)": 75, "mg/dl": 76, "sesak": 77, "napas": 78, "perempuan": 79, "belas": 80, "(--+/--+)": 81, "berkurang": 82, "doe": 83, "pnd": 84, "(-+/-+)": 85, "nyeri": 86, "sepuluh": 87, "ada": 88, "lemas": 89, "bengkak": 90, "dada": 91, "orthopnea": 92, "pada": 93, "irregular": 94, "kaki": 95, "ortopneu": 96, "masih": 97, "membaik": 98, "batuk": 99, "perut": 100, "timbul": 101, "memberat": 102, "saat": 103, "hilang": 104, "nafas": 105, "(-++/-++)": 106, "sebelas": 107, "terasa": 108, "berdebar": 109, "dingin": 110, "beraktivitas": 111, "dirasakan": 112, "yang": 113, "mual": 114, "kadang": 115, "(----/---)": 116, "(--/++)": 117, "ratus": 118, "keringat": 119, "kanan": 120, "orthopneu": 121, "kedua": 122, "disertai": 123, "(--++/--++)": 124, "kiri": 125, "(+--/+++)": 126, "lelah": 127, "luka": 128, "operasi": 129, "(---/--+)": 130, "(-++/--+)": 131, "cepat": 132, "lemah": 133, "ulu": 134, "seperti": 135, "menurun": 136, "di": 137, "(++-/++-)": 138, "hati": 139, "bila": 140, "dalam": 141, "jauh": 142, "buang": 143, "air": 144, "mengeluh": 145, "(-+-/-+-)": 146, "muntah": 147, "bawah": 148, "tangan": 149, "hari": 150, "demam": 151, "bab": 152, "(+-/+-)": 153, "berbaring": 154, "terlentang": 155, "posisi": 156, "mendadak": 157, "rasa": 158, "berdahak": 159, "berjalan": 160, "kecil": 161, "tertindih": 162, "beban": 163, "gelisah": 164, "-+/--+": 165, "--/---": 166, "hingga": 167, "(-/+)": 168, "kering": 169, "(--+/---)": 170, "cemas": 171, "orthopnoe": 172, "kesadaran": 173, "istirahat": 174, "gusi": 175, "duduk": 176, "tembus": 177, "punggung": 178, "(-/---)": 179, "nyaman": 180, "dahak": 181, "(---/--)": 182, "(--/---)": 183, "mudah": 184, "bekurang": 185, "sudah": 186, "(-+/--)": 187, "menggigil": 188, "kembung": 189, "kekuhan": 190, "(++-/+++)": 191, "terkadang": 192, "kondisi": 193, "kembali": 194, "ketika": 195, "penurunan": 196, "kejang": 197, "kesemutan": 198, "sulit": 199, "tenggorokan": 200, "gatal": 201, "bercak": 202, "sejak": 203, "lalu": 204, "mengamuk": 205, "uluhati": 206, "(---/+++)": 207, "(+++/---)": 208, "sesaknapas": 209, "seribu": 210, "umum": 211, "kurang": 212, "perdarahan": 213, "sefak": 214, "ditusuk-tusuk": 215, "bicara": 216, "belum": 217, "jelas": 218, "ke": 219, "(--+/-++)": 220, "putih": 221, "tekan": 222, "tersendat": 223, "skrotum": 224, "menarik": 225, "beraktifitas": 226, "tersobek": 227, "berkurnag": 228, "disangkal": 229, "dapat": 230, "dikaji": 231, "wajah": 232, "(+--/+--)": 233, "(++/-+)": 234, "pusing": 235, "serta": 236, "agak": 237, "tipikal": 238, "epistaksis": 239, "pandangan": 240, "gelap": 241, "ringan": 242, "perubahan": 243, "keadaan": 244, "lutut": 245, "merasa": 246, "terutama": 247, "merasakan": 248, "berbicara": 249, "banyak": 250, "bagian": 251, "membengkak": 252, "seminggu": 253, "hematuria": 254, "tidur": 255, "malam": 256, "berdarah": 257, "keras": 258, "merah": 259, "paha": 260, "betis": 261, "5": 262, "3": 263, "tampak": 264, "dilakukan": 265, "tindakan": 266, "sempat": 267, "mencabut": 268, "infus": 269, "kepala": 270, "pucat": 271, "kemerahan": 272, "2x": 273, "supel": 274, "are": 275, "kencing": 276, "besar": 277, "jika": 278, "membesar": 279, "mengeras": 280, "aktivitas": 281, "ringan-sedang": 282, "2": 283, "waktu": 284, "1": 285, "bulan": 286, "mengeluhkan": 287, "haus": 288, "menetap": 289, "bahu": 290, "pergelangan": 291, "telinga": 292, "berdengung": 293, "kontak": 294, "adekuat": 295, "muncul": 296, "area": 297, "setelah": 298, "sesekali": 299, "sedikit": 300}